Row Labels,E_TOTPOP,E_HU,E_HH,E_POV,E_UNEMP,Average of E_PCI,E_NOHSDP,E_AGE65,E_AGE17,E_DISABL,E_SNGPNT,E_MINRTY,E_LIMENG,E_MUNIT,E_MOBILE,E_CROWD,E_NOVEH,E_GROUPQ,EP_POV,EP_UNEMP,EP_PCI,EP_NOHSDP,EP_AGE65,EP_AGE17,EP_DISABL,EP_SNGPNT,EP_MINRTY,EP_LIMENG,EP_MUNIT,EP_MOBILE,EP_CROWD,EP_NOVEH,EP_GROUPQ,EPL_POV,EPL_UNEMP,EPL_PCI,EPL_NOHSDP,EPL_AGE65,EPL_AGE17,EPL_DISABL,EPL_SNGPNT,EPL_MINRTY,EPL_LIMENG,EPL_MUNIT,EPL_MOBILE,EPL_CROWD,EPL_NOVEH,EPL_GROUPQ,SPL_THEME1_ADD,SPL_THEME2_ADD,SPL_THEME3_ADD,SPL_THEME4_ADD,SPL_THEMES_ADD,zcta,neighborhood,borough
10473,59375,21894,20876,15141,2352,23159,9450,8788,14355,9335,4096,57759,4728,11759,43,1350,9725,302,25.5,3.96,23159,15.92,14.8,24.18,15.72,6.9,97.28,7.96,19.8,0.07,2.27,16.38,0.51,0.9397,0.8702,0.0909,0.9564,0.2526,0.853,0.7693,0.9701,0.9882,0.9314,0.8912,0.2688,0.8952,0.8907,0.3447,2.8572,2.845,1.9196,3.2906,10.9124,10473,Southeast Bronx,Bronx
10455,44911,15834,15144,17565,2454,16551,10289,3951,13247,6777,3687,44397,8598,12382,0,1915,11049,1039,39.11,5.47,16551,22.91,8.8,29.5,15.09,8.21,98.86,19.14,27.57,0,4.26,24.6,2.31,0.9887,0.9686,0.0229,0.9936,0.0475,0.9838,0.7218,0.9857,0.9965,0.9843,0.9167,0,0.9735,0.9245,0.6856,2.9738,2.7388,1.9808,3.5003,11.1937,10455,Hunts Point and Mott Haven,Bronx
10454,38192,14049,13269,17084,1866,13919,9266,3199,11223,6438,3374,37296,6835,11183,0,1828,10298,984,44.73,4.89,13919,24.26,8.38,29.39,16.86,8.83,97.66,17.9,29.28,0,4.79,26.96,2.58,0.9936,0.9495,0.0132,0.996,0.0411,0.9809,0.8408,0.9916,0.9906,0.9818,0.9191,0,0.9799,0.9329,0.7149,2.9523,2.8544,1.9724,3.5468,11.3259,10454,Hunts Point and Mott Haven,Bronx
10472,68807,23396,21890,23425,3278,17220,15869,7665,18638,10002,4644,67012,13806,12479,42,3471,13630,776,34.04,4.76,17220,23.06,11.14,27.09,14.54,6.75,97.39,20.06,18.14,0.06,5.04,19.81,1.13,0.9715,0.9378,0.0264,0.9946,0.093,0.95,0.6738,0.9671,0.9892,0.9872,0.8863,0.2536,0.9833,0.9045,0.52,2.9303,2.6839,1.9764,3.5477,11.1383,10472,Southeast Bronx,Bronx
10451,45506,18681,17906,15997,1737,19563,8798,5668,11707,8117,3293,44246,7507,16629,0,1784,13093,447,35.15,3.82,19563,19.33,12.45,25.73,17.84,7.24,97.23,16.5,36.54,0,3.92,28.77,0.98,0.974,0.8535,0.0376,0.9755,0.1366,0.9182,0.8834,0.974,0.9872,0.9779,0.9319,0,0.9666,0.9387,0.4916,2.8406,2.9122,1.9651,3.3288,11.0467,10451,High Bridge and Morrisania,Bronx
10453,80200,28666,27416,32611,4050,13365,16416,6805,23065,11982,6876,79341,18387,24725,81,4412,20600,1553,40.66,5.05,13365,20.47,8.49,28.76,14.94,8.57,98.93,22.93,30.83,0.1,5.5,25.69,1.94,0.9906,0.9569,0.0102,0.9853,0.0416,0.974,0.7135,0.9902,0.998,0.9926,0.9221,0.2982,0.9882,0.9275,0.6523,2.943,2.7193,1.9906,3.7883,11.4412,10453,Central Bronx,Bronx
10460,58362,21216,20171,21553,3765,16852,13288,6466,15652,9567,4705,56986,8910,15139,17,2362,10761,1102,36.93,6.45,16852,22.77,11.08,26.82,16.39,8.06,97.64,15.27,25.94,0.03,4.05,18.44,1.89,0.9853,0.9828,0.0239,0.9931,0.0925,0.9461,0.8129,0.9828,0.9902,0.9701,0.9084,0.2051,0.9696,0.8981,0.6429,2.9851,2.8343,1.9603,3.6241,11.4038,10460,Central Bronx,Bronx
10452,77107,27469,26439,28447,3603,15036,16434,6236,22238,11020,6236,75638,17292,24996,10,4906,20399,873,36.89,4.67,15036,21.31,8.09,28.84,14.29,8.09,98.09,22.43,32.42,0.01,6.36,26.46,1.13,0.9848,0.9319,0.0176,0.9877,0.0396,0.9745,0.6552,0.9833,0.9916,0.9916,0.924,0.1851,0.9955,0.9304,0.521,2.922,2.6526,1.9832,3.556,11.1138,10452,High Bridge and Morrisania,Bronx
10456,94211,32400,30903,35884,5116,16278,20153,8709,27013,16107,7524,93140,16822,27055,32,4456,22875,2600,38.09,5.43,16278,21.39,9.24,28.67,17.1,7.99,98.86,17.86,28.72,0.03,4.73,24.28,2.76,0.9877,0.9676,0.0225,0.9887,0.0572,0.972,0.8516,0.9823,0.997,0.9809,0.9182,0.2144,0.9789,0.9226,0.7277,2.9665,2.8631,1.9779,3.7618,11.5693,10456,High Bridge and Morrisania,Bronx
10459,48131,17910,16519,16643,2039,15646,10251,4956,13086,6571,4113,47298,8189,12415,29,1633,11256,874,34.58,4.24,15646,21.3,10.3,27.19,13.65,8.55,98.27,17.01,25.79,0.06,3.39,23.39,1.82,0.9725,0.8956,0.0185,0.9872,0.0695,0.9524,0.6033,0.9897,0.9926,0.9789,0.9074,0.2546,0.9539,0.9191,0.6366,2.8738,2.6149,1.9715,3.6716,11.1318,10459,Hunts Point and Mott Haven,Bronx
10474,12103,4060,3482,4810,507,13651,2674,911,3520,1278,864,11957,2354,2714,10,588,2380,1038,39.74,4.19,13651,22.09,7.53,29.09,10.56,7.14,98.79,19.45,22.42,0.08,4.86,19.66,8.58,0.9892,0.8912,0.0122,0.9911,0.0352,0.9764,0.3148,0.9715,0.996,0.9853,0.8986,0.2806,0.9809,0.9035,0.8854,2.8837,2.2979,1.9813,3.949,11.1119,10474,Hunts Point and Mott Haven,Bronx
10465,44218,16838,15975,5177,1421,30783,4750,7657,8747,7160,1768,25482,2313,2607,28,589,3453,1899,11.71,3.21,30783,10.74,17.32,19.78,16.19,4,57.63,5.23,5.9,0.06,1.33,7.81,4.29,0.5798,0.7095,0.4726,0.8388,0.4848,0.4422,0.7982,0.8134,0.9049,0.8883,0.8021,0.2585,0.7864,0.8364,0.8046,2.6007,2.5386,1.7932,3.488,10.4205,10465,Southeast Bronx,Bronx
10462,78187,31504,29859,15060,4361,24254,10757,9406,16977,10581,4011,68541,8181,21531,17,3382,16354,455,19.26,5.58,24254,13.76,12.03,21.71,13.53,5.13,87.66,10.46,27.54,0.02,4.33,20.92,0.58,0.8863,0.9711,0.135,0.9201,0.116,0.6518,0.5925,0.9191,0.9681,0.9471,0.9162,0.1963,0.9745,0.9118,0.3746,2.9125,2.2794,1.9152,3.3734,10.4805,10462,Southeast Bronx,Bronx
10461,49638,20048,18739,7369,1996,28006,6764,7638,10454,6431,1975,33504,4310,7211,3,1489,6801,1035,14.85,4.02,28006,13.63,15.39,21.06,12.96,3.98,67.5,8.68,14.53,0.01,3,13.7,2.08,0.7492,0.8765,0.3248,0.9196,0.2982,0.5744,0.543,0.8065,0.928,0.9378,0.8721,0.1738,0.9353,0.8765,0.666,2.8701,2.2221,1.8658,3.5237,10.4817,10461,Southeast Bronx,Bronx
10457,74479,25862,24577,27404,3930,13641,15514,6808,22717,11112,6288,73355,14710,20495,35,4375,17507,2782,36.79,5.28,13641,20.83,9.14,30.5,14.92,8.44,98.49,19.75,27.52,0.05,5.87,23.51,3.73,0.9843,0.9657,0.0117,0.9857,0.0548,0.9897,0.7105,0.9887,0.9951,0.9867,0.9157,0.2345,0.9902,0.9206,0.784,2.9474,2.7437,1.9818,3.845,11.5179,10457,Central Bronx,Bronx
10467,103217,38470,36633,28778,6167,20093,17713,11157,26521,15915,6289,93602,14311,27848,96,5892,21966,1533,27.88,5.97,20093,17.16,10.81,25.69,15.42,6.09,90.69,13.87,26.98,0.09,5.71,21.28,1.49,0.9554,0.9774,0.043,0.9652,0.0857,0.9177,0.7473,0.9564,0.973,0.9647,0.9152,0.2899,0.9897,0.9138,0.5915,2.941,2.7071,1.9377,3.7001,11.2859,10467,Bronx Park and Fordham,Bronx
10458,83882,29102,27452,28373,5196,16946,15693,6718,22392,11062,6177,76815,17242,23457,69,4583,20014,3451,33.82,6.19,16946,18.71,8.01,26.69,13.19,7.36,91.57,20.56,27.96,0.08,5.46,23.86,4.11,0.9701,0.9794,0.0254,0.972,0.0391,0.9417,0.5631,0.9755,0.976,0.9877,0.9177,0.2801,0.9867,0.9216,0.7957,2.9469,2.5194,1.9637,3.9018,11.3318,10458,Bronx Park and Fordham,Bronx
10468,76383,26789,25714,23786,4213,19272,15144,7550,20056,8761,5546,73745,18261,23351,45,4544,18435,1397,31.14,5.52,19272,19.83,9.88,26.26,11.47,7.26,96.55,23.91,30.57,0.06,5.95,24.13,1.83,0.9647,0.9696,0.0366,0.9833,0.0636,0.9299,0.3947,0.9745,0.9857,0.9931,0.9216,0.2512,0.9906,0.9221,0.638,2.9542,2.3627,1.9788,3.7235,11.0192,10468,Bronx Park and Fordham,Bronx
10463,72000,30208,28736,12047,2779,39756,9717,14637,14899,9678,3494,49738,8021,25799,55,2323,13656,2912,16.73,3.86,39756,13.5,20.33,20.69,13.44,4.85,69.08,11.14,35.83,0.08,3.23,18.97,4.04,0.8305,0.8584,0.7426,0.9177,0.7477,0.5337,0.5837,0.9,0.9319,0.951,0.9314,0.2732,0.9476,0.901,0.7908,3.3492,2.7651,1.8829,3.844,11.8412,10463,Kingsbridge and Riverdale,Bronx
10469,73227,23601,22398,11033,3176,24362,10534,11892,15387,9427,3408,65313,4699,3968,20,2114,7491,2317,15.07,4.34,24362,14.38,16.24,21.01,12.87,4.65,89.19,6.42,5.42,0.03,2.89,10.23,3.16,0.7688,0.9035,0.1413,0.9304,0.3628,0.569,0.5347,0.8809,0.9711,0.9089,0.7928,0.2037,0.9304,0.857,0.7585,2.744,2.3474,1.88,3.5424,10.5138,10469,Northeast Bronx,Bronx
10471,21966,9708,8736,1883,775,41039,1328,5128,3768,2773,495,9073,1118,6912,36,314,2413,2639,8.57,3.53,41039,6.05,23.35,17.15,12.62,2.25,41.31,5.09,31.47,0.16,1.43,10.99,12.01,0.3824,0.785,0.7636,0.4319,0.8746,0.2375,0.5014,0.3756,0.8339,0.8844,0.9226,0.3246,0.807,0.8604,0.9133,2.3629,1.9891,1.7183,3.8279,9.8982,10471,Kingsbridge and Riverdale,Bronx
10475,44623,19285,18954,4300,1724,29605,4729,10919,7731,7827,2444,41417,1816,17184,9,1253,8200,1751,9.64,3.86,29605,10.6,24.47,17.32,17.54,5.48,92.82,4.07,38.51,0.02,2.81,18.38,3.92,0.4647,0.8609,0.4182,0.8339,0.903,0.2453,0.8692,0.9368,0.9789,0.8638,0.9358,0.1953,0.9226,0.8976,0.7894,2.5777,2.9543,1.8427,3.7407,11.1154,10475,Northeast Bronx,Bronx
10466,72448,25046,23672,13743,3583,24834,9993,9217,16433,10644,4009,70002,3240,7780,46,2240,9771,852,18.97,4.95,24834,13.79,12.72,22.68,14.69,5.53,96.62,4.47,10.74,0.06,3.09,13.49,1.18,0.8824,0.9529,0.1604,0.9206,0.1425,0.7335,0.689,0.9387,0.9862,0.8736,0.8555,0.259,0.9387,0.8746,0.5303,2.9163,2.5037,1.8598,3.4581,10.7379,10466,Northeast Bronx,Bronx
10470,15621,6548,6192,1964,554,29929,2051,2649,2830,2195,522,9977,460,2316,8,395,2383,101,12.58,3.55,29929,13.13,16.96,18.12,14.05,3.34,63.87,2.95,14.82,0.05,2.53,15.25,0.65,0.6302,0.7918,0.4349,0.9118,0.4407,0.2992,0.6371,0.6816,0.9191,0.806,0.8731,0.238,0.9103,0.8849,0.3996,2.7687,2.0586,1.7251,3.3059,9.8583,10470,Northeast Bronx,Bronx
10464,4296,2108,1843,348,154,40227,273,1004,759,719,161,1430,67,207,0,35,347,18,8.1,3.59,40227,6.36,23.37,17.66,16.74,3.75,33.29,1.57,4.82,0.01,0.81,8.08,0.42,0.355,0.8021,0.7514,0.4681,0.8756,0.2668,0.8369,0.7678,0.7879,0.6699,0.7757,0.1807,0.6385,0.8418,0.3006,2.3766,2.7471,1.4578,2.7373,9.3188,10464,Southeast Bronx,Bronx
11201,60405,29768,27120,7248,2051,81202,2571,6649,10289,5004,1287,24760,2169,21329,91,1537,18601,4356,12,3.4,81202,4.26,11.01,17.03,8.28,2.13,40.99,3.59,35.31,0.15,2.54,30.79,7.21,0.5974,0.7556,0.9437,0.2414,0.0896,0.2306,0.1425,0.3379,0.8315,0.8476,0.9299,0.3207,0.9118,0.9436,0.8692,2.5381,0.8006,1.6791,3.9752,8.993,11201,Northwest Brooklyn,Brooklyn
11220,96580,30711,28325,27536,2994,23082,30281,10405,23033,7893,2700,82083,34533,7649,24,6538,17901,834,28.51,3.1,23082,31.35,10.77,23.85,8.17,2.8,84.99,35.76,7.92,0.03,6.77,18.53,0.86,0.9573,0.6807,0.09,0.9995,0.0837,0.83,0.1312,0.5308,0.9637,0.9985,0.8315,0.2012,0.998,0.8991,0.4564,2.7275,1.5757,1.9622,3.3862,9.6516,11220,Sunset Park,Brooklyn
11232,27594,9508,9000,5604,905,26326,6262,2580,5855,2418,925,21617,6088,3064,30,1657,5857,1507,20.31,3.28,26326,22.69,9.35,21.22,8.76,3.35,78.34,22.06,11.1,0.11,6,21.23,5.46,0.9035,0.7267,0.2318,0.9926,0.0587,0.5959,0.1777,0.6831,0.9476,0.9911,0.8594,0.3036,0.9911,0.9128,0.8398,2.8546,1.5154,1.9387,3.9067,10.2154,11232,Sunset Park,Brooklyn
11205,46528,18269,16854,12860,1796,38222,4664,3778,12432,4492,1466,26084,3375,11285,0,1719,11020,2462,27.64,3.86,38222,10.02,8.12,26.72,9.66,3.15,56.06,7.25,24.26,0,3.69,23.68,5.29,0.9539,0.8589,0.7113,0.8099,0.0401,0.9446,0.2424,0.6263,0.9005,0.924,0.904,0,0.9613,0.9211,0.8359,3.334,1.8534,1.8245,3.6223,10.6342,11205,Northwest Brooklyn,Brooklyn
11217,39090,18150,16434,5838,1423,70295,3452,4255,7119,4049,923,19326,1456,7871,25,971,11171,590,14.93,3.64,70295,8.83,10.89,18.21,10.36,2.36,49.44,3.73,20.14,0.07,2.48,28.58,1.51,0.759,0.8183,0.9275,0.7257,0.0871,0.3046,0.2992,0.3976,0.8726,0.8525,0.8917,0.26,0.9069,0.9378,0.5954,3.2305,1.0885,1.7251,3.5918,9.6359,11217,Northwest Brooklyn,Brooklyn
11209,67713,32811,28956,9441,2116,43557,6280,11386,12578,7299,1074,24684,5792,16172,102,2517,12867,379,13.94,3.12,43557,9.27,16.81,18.58,10.78,1.59,36.45,8.55,23.88,0.15,3.72,19,0.56,0.7091,0.6841,0.7979,0.759,0.4245,0.329,0.3354,0.1988,0.8109,0.9363,0.903,0.3217,0.9618,0.9015,0.3677,2.9501,1.2877,1.7472,3.4557,9.4407,11209,Southwest Brooklyn,Brooklyn
11231,38228,17014,15855,5808,1709,70784,3209,4132,8579,4006,1411,16143,1822,5780,1,997,9396,274,15.19,4.47,70784,8.39,10.81,22.44,10.48,3.69,42.23,4.77,15.12,0,2.61,24.58,0.72,0.7742,0.9177,0.9285,0.6802,0.0852,0.7081,0.309,0.7561,0.8398,0.8795,0.8736,0.1645,0.9162,0.924,0.4177,3.3006,1.8584,1.7193,3.296,10.1743,11231,Northwest Brooklyn,Brooklyn
11219,88875,26788,24185,31491,2082,18088,16372,10796,31831,8217,1188,33949,17493,7285,49,6043,13180,1051,35.43,2.34,18088,18.42,12.15,35.82,9.25,1.34,38.2,19.68,8.2,0.06,6.8,14.83,1.18,0.976,0.4089,0.0278,0.9706,0.1224,0.9985,0.214,0.1469,0.8202,0.9862,0.8339,0.2463,0.9985,0.8829,0.5323,2.3833,1.4818,1.8064,3.4939,9.1654,11219,Borough Park,Brooklyn
11218,75854,26618,25377,15240,2070,28056,8142,9077,21580,6743,1634,35730,8533,13134,70,3592,12569,682,20.09,2.73,28056,10.73,11.97,28.45,8.89,2.15,47.1,11.25,17.32,0.09,4.74,16.57,0.9,0.9005,0.5572,0.3277,0.8383,0.1136,0.9706,0.1865,0.3447,0.8623,0.9515,0.8839,0.2894,0.9794,0.8922,0.4666,2.6237,1.6154,1.8138,3.5115,9.5644,11218,Borough Park,Brooklyn
11215,71415,31603,29286,5165,1775,64983,3481,7315,15103,4669,1192,23445,1668,8231,83,1366,15169,454,7.23,2.48,64983,4.87,10.24,21.15,6.54,1.67,32.83,2.34,11.53,0.12,1.91,21.24,0.64,0.2938,0.4622,0.9212,0.3075,0.068,0.5852,0.0636,0.2282,0.7796,0.7575,0.8609,0.3065,0.8672,0.9133,0.3961,1.9847,0.945,1.5371,3.344,7.8108,11215,Northwest Brooklyn,Brooklyn
11228,42667,15702,14556,5493,1286,31984,6404,7326,8854,4660,885,21477,7727,1075,23,1264,4064,195,12.87,3.01,31984,15.01,17.17,20.75,10.92,2.07,50.34,18.11,2.52,0.05,2.96,9.52,0.46,0.6508,0.6547,0.5322,0.9441,0.4622,0.5381,0.3413,0.3212,0.878,0.9823,0.6376,0.2458,0.9343,0.8516,0.3153,2.7818,1.6628,1.8603,2.9846,9.2895,11228,Southwest Brooklyn,Brooklyn
11238,56142,26860,24755,7154,2111,50496,4146,6343,9060,5115,1530,32524,1660,13400,31,876,16860,1203,12.74,3.76,50496,7.39,11.3,16.14,9.11,2.73,57.93,2.96,23.87,0.06,1.56,30.03,2.14,0.64,0.8408,0.8571,0.594,0.0974,0.19,0.2012,0.5068,0.9059,0.807,0.9025,0.2468,0.8241,0.9407,0.6699,2.9319,0.9954,1.7129,3.584,9.2242,11238,Central Brooklyn,Brooklyn
11214,92734,33601,31770,16216,2794,27031,15816,15367,19823,9708,2448,52781,23876,11074,63,4317,13996,1063,17.49,3.01,27031,17.06,16.57,21.38,10.47,2.64,56.92,25.75,11.94,0.07,4.66,15.09,1.15,0.8535,0.6542,0.269,0.9637,0.4005,0.616,0.307,0.4813,0.9025,0.996,0.8643,0.2639,0.9779,0.8844,0.5239,2.7404,1.8048,1.8985,3.5144,9.9581,11214,Southwest Brooklyn,Brooklyn
11225,59862,25683,24247,10928,2669,30449,5680,7549,11404,4337,2478,45597,2176,18195,50,1894,16511,135,18.26,4.46,30449,9.49,12.61,19.05,7.25,4.14,76.17,3.63,30.39,0.08,3.16,27.58,0.23,0.8677,0.9157,0.4593,0.7761,0.1405,0.3721,0.0857,0.8305,0.9427,0.8501,0.9206,0.282,0.9446,0.9333,0.2076,3.0188,1.4288,1.7928,3.2881,9.5285,11225,Flatbush,Brooklyn
11204,80108,26711,24599,18239,2562,22243,13985,10851,22393,8071,1478,36954,17593,6414,43,4186,11270,138,22.77,3.2,22243,17.46,13.55,27.95,10.07,1.84,46.13,21.96,8.01,0.05,5.23,14.07,0.17,0.9226,0.7051,0.0694,0.9676,0.1728,0.9632,0.2786,0.2664,0.8594,0.9906,0.833,0.2433,0.9848,0.879,0.1669,2.6647,1.681,1.85,3.107,9.3027,11204,Borough Park,Brooklyn
11216,55615,26723,23550,10036,2364,36557,5459,6433,8662,6139,1663,41534,1350,8759,19,1438,16156,934,18.05,4.25,36557,9.82,11.57,15.57,11.04,2.99,74.68,2.43,15.75,0.03,2.58,29.05,1.68,0.8638,0.8971,0.678,0.7972,0.1043,0.1718,0.3501,0.5778,0.9402,0.7693,0.878,0.2149,0.9133,0.9397,0.619,3.2361,1.204,1.7095,3.5649,9.7145,11216,Central Brooklyn,Brooklyn
11206,86882,32312,30538,31502,3897,25382,13778,8825,24575,10614,3825,57478,10533,19262,33,3236,21898,678,36.26,4.48,25382,15.86,10.16,28.29,12.22,4.4,66.16,12.12,22.17,0.04,3.72,25.2,0.78,0.9774,0.9191,0.1908,0.9559,0.0675,0.9686,0.4666,0.8599,0.925,0.9554,0.8966,0.2218,0.9637,0.926,0.4314,3.0432,2.3626,1.8804,3.4395,10.7257,11206,Bushwick and Williamsburg,Brooklyn
11221,82795,34320,30424,19517,4354,27741,12203,8877,16954,8081,3848,69570,6942,8933,37,2140,19413,1026,23.57,5.26,27741,14.74,10.72,20.48,9.76,4.65,84.03,8.38,10.79,0.05,2.58,23.45,1.24,0.927,0.9647,0.3106,0.9373,0.0808,0.5078,0.2526,0.8805,0.9608,0.9348,0.8565,0.2306,0.9138,0.9196,0.547,3.1396,1.7217,1.8956,3.4675,10.2244,11221,Bushwick and Williamsburg,Brooklyn
11213,67051,27853,25371,15876,2792,24751,7806,7722,15737,7413,3510,53134,2739,15559,4,2279,17286,928,23.68,4.16,24751,11.64,11.52,23.47,11.06,5.24,79.24,4.08,23.2,0.01,3.4,25.78,1.38,0.9289,0.8883,0.1565,0.878,0.1028,0.8036,0.353,0.9285,0.9495,0.8648,0.9005,0.1718,0.9549,0.928,0.571,2.8517,2.1879,1.8143,3.5262,10.3801,11213,Central Brooklyn,Brooklyn
11233,74906,31380,28768,20693,2303,24163,9683,8250,18508,7825,5524,69546,2056,9559,18,1792,18737,1515,27.62,3.08,24163,12.93,11.01,24.71,10.45,7.37,92.84,2.75,12.76,0.02,2.39,25.01,2.02,0.9534,0.6728,0.1301,0.9054,0.091,0.8839,0.3041,0.976,0.9794,0.7957,0.8682,0.2002,0.902,0.9255,0.6596,2.6617,2.255,1.7751,3.5555,10.2473,11233,Central Brooklyn,Brooklyn
11223,80508,30114,27615,16496,2989,27531,11807,12510,19797,9016,2479,38244,16783,10467,15,3340,12280,92,20.49,3.71,27531,14.67,15.54,24.59,11.2,3.08,47.5,20.85,13,0.02,4.15,15.25,0.11,0.9069,0.8325,0.2974,0.9358,0.3104,0.879,0.3648,0.6062,0.8648,0.9887,0.8697,0.1919,0.9715,0.8854,0.1361,2.9726,2.1604,1.8535,3.0546,10.0411,11223,Southern Brooklyn,Brooklyn
11224,46237,19978,18452,12618,1816,22748,6673,11714,9432,9671,2428,22972,9699,15119,32,1162,10402,1264,27.29,3.93,22748,14.43,25.33,20.4,20.92,5.25,49.68,20.98,32.7,0.07,2.51,22.5,2.73,0.9505,0.8667,0.0787,0.9309,0.9157,0.4975,0.9637,0.9304,0.8741,0.9897,0.925,0.2649,0.9098,0.9167,0.7262,2.8268,3.3073,1.8638,3.7426,11.7405,11224,Southern Brooklyn,Brooklyn
11203,76053,31078,27996,11973,2466,25784,7102,13689,16065,6513,3773,72825,2274,7956,61,1844,13661,1538,15.74,3.24,25784,9.34,18,21.12,8.56,4.96,95.76,2.99,10.46,0.08,2.42,17.96,2.02,0.7962,0.7149,0.2035,0.7668,0.5455,0.5837,0.1635,0.9108,0.9838,0.8085,0.8516,0.2771,0.9045,0.8966,0.6601,2.4814,2.2035,1.7923,3.5899,10.0671,11203,Flatbush,Brooklyn
11212,77564,35054,31534,26922,5154,20401,12003,10217,17185,11040,4817,76723,3700,18263,12,1826,22831,6550,34.71,6.65,20401,15.48,13.17,22.16,14.23,6.21,98.92,4.77,23.55,0.02,2.35,29.43,8.44,0.973,0.9843,0.0459,0.9534,0.1576,0.687,0.6503,0.9598,0.9975,0.88,0.9015,0.1875,0.901,0.9402,0.8844,2.9566,2.4547,1.8775,3.8146,11.1034,11212,Central Brooklyn,Brooklyn
11235,82449,36765,33694,15639,2390,31669,8212,19402,15070,12026,1510,24325,19880,21386,33,3821,15448,1301,18.97,2.9,31669,9.96,23.53,18.28,14.59,1.83,29.5,24.11,25.94,0.04,4.63,18.74,1.58,0.8819,0.6136,0.5146,0.8085,0.8814,0.3124,0.6777,0.2634,0.7443,0.9936,0.9079,0.2247,0.9774,0.9,0.6052,2.8186,2.1349,1.7379,3.6152,10.3066,11235,Southern Brooklyn,Brooklyn
11207,92932,37459,33449,26680,4127,19665,13352,10165,22336,12686,5708,89197,6318,10952,11,3058,20191,2229,28.71,4.44,19665,14.37,10.94,24.04,13.65,6.14,95.98,6.8,11.78,0.01,3.29,21.73,2.4,0.9578,0.9128,0.0386,0.9299,0.0886,0.8423,0.6028,0.9578,0.9848,0.9167,0.8623,0.1826,0.9505,0.9152,0.6953,2.8391,2.4915,1.9015,3.6059,10.838,11207,East New York and New Lots,Brooklyn
11237,50039,18567,17301,14656,1955,25181,9735,3628,10273,4512,2058,39924,8415,2364,10,2078,12382,1429,29.29,3.91,25181,19.45,7.25,20.53,9.02,4.11,79.79,16.82,4.72,0.02,4.15,24.75,2.86,0.9588,0.8643,0.178,0.976,0.0313,0.5146,0.1934,0.8276,0.951,0.9784,0.7698,0.1939,0.972,0.925,0.738,2.9771,1.5669,1.9294,3.5987,10.0721,11237,Bushwick and Williamsburg,Brooklyn
11230,87423,31876,29744,19239,2419,29696,9170,13257,24570,10277,1710,29377,12105,17947,92,4298,13550,589,22.01,2.77,29696,10.49,15.16,28.1,11.76,1.96,33.6,13.85,20.53,0.11,4.92,15.5,0.67,0.9201,0.5675,0.4231,0.8305,0.2791,0.9662,0.4206,0.2943,0.7899,0.9642,0.8927,0.3026,0.9818,0.8863,0.4059,2.7412,1.9602,1.7541,3.4693,9.9248,11230,Borough Park,Brooklyn
11211,64842,27486,25688,15857,1883,46175,7552,5907,14302,5817,1353,24790,5699,12558,28,2151,17970,386,24.46,2.9,46175,11.65,9.11,22.06,8.97,2.09,38.23,8.79,19.37,0.04,3.32,27.71,0.6,0.9338,0.6165,0.8233,0.8785,0.0538,0.6792,0.1914,0.3246,0.8207,0.9397,0.8903,0.2301,0.9515,0.9348,0.38,3.2521,1.249,1.7604,3.3867,9.6482,11211,Greenpoint,Brooklyn
11222,37025,18696,17281,4490,1258,54439,2931,3912,4284,3082,571,10399,2505,3361,6,763,10698,277,12.13,3.4,54439,7.92,10.57,11.57,8.32,1.54,28.09,6.77,9.08,0.02,2.06,28.9,0.75,0.6052,0.7566,0.8845,0.6425,0.0773,0.0847,0.1459,0.1856,0.7306,0.9157,0.8432,0.188,0.8785,0.9392,0.4265,2.8888,0.4935,1.6463,3.2754,8.304,11222,Greenpoint,Brooklyn
11226,98923,39897,36373,17322,3755,28136,10979,11806,22185,7383,4564,87132,7139,29686,13,4827,24262,998,17.51,3.8,28136,11.1,11.93,22.43,7.46,4.61,88.08,7.22,30.01,0.01,4.88,24.53,1.01,0.854,0.8516,0.3326,0.8614,0.1126,0.7066,0.0935,0.8785,0.9691,0.9236,0.9201,0.1856,0.9813,0.9231,0.497,2.8996,1.7912,1.8927,3.5071,10.0906,11226,Flatbush,Brooklyn
11210,66053,24066,22320,8345,2164,31385,4935,9355,16931,5724,2467,47698,3612,10989,15,2501,9047,286,12.63,3.28,31385,7.47,14.16,25.63,8.67,3.73,72.21,5.47,16.64,0.02,3.79,13.7,0.43,0.6327,0.7257,0.5004,0.6003,0.2037,0.9152,0.1733,0.7629,0.9363,0.8937,0.8814,0.1988,0.9652,0.8761,0.3065,2.4591,2.0551,1.83,3.228,9.5722,11210,Flatbush,Brooklyn
11229,81186,32272,30064,11819,2337,31215,8634,14462,17422,8457,1901,32188,13084,14368,44,2658,11777,287,14.56,2.88,31215,10.63,17.81,21.46,10.42,2.34,39.65,16.12,17.7,0.05,3.27,14.51,0.35,0.738,0.6072,0.4946,0.8354,0.5239,0.6268,0.3021,0.3927,0.8276,0.976,0.8849,0.2453,0.949,0.8814,0.2727,2.6752,1.8455,1.8036,3.2333,9.5576,11229,Southern Brooklyn,Brooklyn
11234,95373,33852,31701,7508,3369,34277,6614,15790,22041,8664,2697,58707,4018,3017,100,2172,7642,133,7.87,3.53,34277,6.93,16.56,23.11,9.08,2.83,61.55,4.21,3.16,0.11,2.28,8.01,0.14,0.3403,0.7869,0.6203,0.5386,0.3981,0.7776,0.1958,0.5386,0.9133,0.8658,0.6934,0.3016,0.8956,0.8388,0.1474,2.2861,1.9101,1.7791,2.8768,8.8521,11234,Canarsie and Flatlands,Brooklyn
11236,99586,35538,33253,12814,3108,27768,8988,13557,22297,8004,4757,95234,3426,4194,35,2350,11710,1385,12.87,3.12,27768,9.03,13.61,22.39,8.04,4.78,95.63,3.44,4.21,0.03,2.36,11.76,1.39,0.6503,0.6836,0.3116,0.7438,0.1762,0.7027,0.1194,0.8937,0.9833,0.8398,0.7443,0.2159,0.9015,0.8643,0.5719,2.3893,1.892,1.8231,3.2979,9.4023,11236,Canarsie and Flatlands,Brooklyn
11239,14910,7796,7508,3989,538,25068,2233,3923,3063,3227,900,12388,1642,6914,0,301,4669,66,26.75,3.61,25068,14.98,26.31,20.54,21.64,6.04,83.09,11.01,46.37,0,2.02,31.32,0.44,0.9471,0.8104,0.1712,0.9427,0.9265,0.5166,0.974,0.952,0.9583,0.9495,0.9446,0,0.8746,0.952,0.309,2.8714,3.3691,1.9078,3.0802,11.2285,11239,Canarsie and Flatlands,Brooklyn
11208,97118,36021,31358,25105,2849,19065,11550,9084,26349,8892,5537,94709,6773,8162,162,6207,18848,928,25.85,2.93,19065,11.89,9.35,27.13,9.16,5.7,97.52,6.97,8.4,0.17,6.39,19.41,0.96,0.9412,0.6263,0.0342,0.8824,0.0592,0.951,0.2056,0.9436,0.9897,0.9182,0.8359,0.3261,0.996,0.902,0.4838,2.4841,2.1594,1.9079,3.5438,10.0952,11208,East New York and New Lots,Brooklyn
11421,41102,12759,11655,4232,1474,24782,6599,5185,8935,3458,1253,34278,6485,1923,20,893,3402,25,10.3,3.59,24782,16.06,12.61,21.74,8.41,3.05,83.4,15.78,4.68,0.05,2.17,8.28,0.06,0.5009,0.7992,0.1585,0.9588,0.141,0.6537,0.1532,0.5984,0.9593,0.9745,0.7673,0.2365,0.8883,0.8447,0.1136,2.4174,1.5463,1.9338,2.8504,8.7479,11421,Southwest Queens,Queens
11416,26133,7498,6948,4064,1008,22616,3978,2705,6205,2535,737,22737,3307,143,5,731,2280,69,15.55,3.86,22616,15.22,10.35,23.74,9.7,2.82,87.01,12.65,0.55,0.02,2.8,8.73,0.26,0.7879,0.8579,0.0768,0.9471,0.0724,0.8241,0.2458,0.5367,0.9666,0.9608,0.2859,0.1895,0.9221,0.8472,0.2267,2.6697,1.679,1.9274,2.4714,8.7475,11416,Southwest Queens,Queens
11417,32475,9936,9228,4568,1181,24059,4793,3822,7325,3366,813,26174,3229,261,27,705,1975,46,14.07,3.64,24059,14.76,11.77,22.56,10.36,2.5,80.6,9.94,0.8,0.08,2.17,6.08,0.14,0.7149,0.8173,0.1252,0.9382,0.1082,0.7213,0.2997,0.4446,0.9529,0.9431,0.3736,0.2791,0.8878,0.8026,0.1483,2.5956,1.5738,1.896,2.4914,8.5568,11417,Southwest Queens,Queens
11414,29118,11371,10645,3366,810,34071,2983,6399,5837,4397,794,9378,985,2208,74,310,1603,35,11.56,2.78,34071,10.25,21.98,20.05,15.1,2.73,32.21,3.38,7.58,0.26,1.07,5.51,0.12,0.5744,0.5729,0.6135,0.8207,0.83,0.4686,0.7233,0.5078,0.7708,0.8374,0.8276,0.3525,0.7277,0.7879,0.1395,2.5815,2.5297,1.6082,2.8352,9.5546,11414,Southwest Queens,Queens
11691,66214,21874,20475,13599,2717,26627,9927,8307,20209,10049,3154,50314,5256,11441,0,2169,8673,2430,20.54,4.1,26627,14.99,12.55,30.52,15.18,4.76,75.99,7.94,17.28,0,3.28,13.1,3.67,0.9074,0.8834,0.2465,0.9436,0.139,0.9902,0.7296,0.8922,0.9417,0.9309,0.8834,0,0.9495,0.8721,0.7801,2.9809,2.751,1.8726,3.4851,11.0896,11691,Rockaways,Queens
10002,74775,35736,33535,20604,2512,40308,20128,15855,9916,11357,2295,58162,21068,32331,10,2759,27718,1791,27.55,3.36,40308,26.92,21.2,13.26,15.19,3.07,77.78,28.18,43.24,0.01,3.69,37.07,2.4,0.9515,0.7463,0.7539,0.999,0.7923,0.1131,0.7301,0.6047,0.9461,0.997,0.9417,0.1865,0.9603,0.9618,0.6949,3.4507,2.2402,1.9431,3.7452,11.3792,10002,Lower East Side,Manhattan
10005,7059,4536,3575,665,172,107634,98,168,768,95,112,2167,5,4510,0,435,3054,23,9.42,2.44,107634,1.4,2.38,10.89,1.35,1.59,30.7,0.07,63.89,0.01,6.17,43.26,0.33,0.4422,0.4471,0.9696,0.0298,0.0102,0.0744,0.0063,0.2007,0.761,0.0979,0.972,0.1733,0.9916,0.9735,0.2624,1.8887,0.2916,0.8589,3.3728,6.412,10005,Lower Manhattan,Manhattan
10004,3232,2017,1614,135,66,91214,27,157,504,100,54,1095,31,1951,0,128,1291,3,4.18,2.05,91214,0.84,4.86,15.6,3.1,1.68,33.88,0.97,60.39,0,3.97,39.96,0.09,0.1141,0.3001,0.9535,0.0127,0.019,0.1723,0.0137,0.2316,0.7918,0.5396,0.9706,0,0.9681,0.9686,0.1238,1.3804,0.4366,1.3314,3.0311,6.1795,10004,Lower Manhattan,Manhattan
10038,22370,11107,9720,4291,731,55224,3483,3683,2739,2251,280,12776,3534,10410,34,825,7778,1410,19.18,3.27,55224,15.57,16.46,12.24,10.06,1.25,57.11,15.8,46.53,0.15,3.69,34.77,6.3,0.8858,0.7247,0.8894,0.9544,0.3858,0.0945,0.2776,0.1312,0.904,0.975,0.9456,0.3202,0.9608,0.9583,0.8599,3.4543,0.8891,1.879,4.0448,10.2672,10038,Lower Manhattan,Manhattan
10007,4701,2365,1954,139,66,122218,145,302,1083,86,35,1175,105,1994,0,128,1448,191,2.96,1.39,122218,3.09,6.42,23.04,1.83,0.75,24.99,2.23,42.41,0,2.72,30.79,4.06,0.046,0.0969,0.9809,0.1415,0.0254,0.7713,0.0088,0.0465,0.7051,0.7492,0.9412,0,0.9191,0.9431,0.7918,1.2653,0.852,1.4543,3.5952,7.1668,10007,Lower Manhattan,Manhattan
10006,3737,2610,2041,143,68,112263,13,53,437,61,54,1443,64,2519,0,196,1688,0,3.82,1.81,112263,0.34,1.42,11.71,1.64,1.44,38.61,1.7,67.41,0,5.24,45.16,0,0.091,0.2218,0.9726,0.0073,0.0058,0.0866,0.0078,0.1669,0.8227,0.686,0.9769,0,0.9853,0.9779,0,1.2927,0.2671,1.5087,2.9401,6.0086,10006,Lower Manhattan,Manhattan
10009,57861,31170,29632,13436,1346,50745,5219,8762,6450,7179,1707,28337,3998,28092,15,1289,24106,591,23.22,2.33,50745,9.02,15.14,11.15,12.41,2.95,48.98,6.91,48.55,0.03,2.23,41.66,1.02,0.9245,0.4015,0.8581,0.7424,0.2781,0.0788,0.4823,0.569,0.8702,0.9177,0.9485,0.2022,0.8937,0.972,0.498,2.9265,1.4082,1.7879,3.5144,9.637,10009,Lower East Side,Manhattan
10013,28883,14419,12165,3016,689,122587,4288,4554,4321,2189,405,13370,4444,10966,0,1161,9118,2637,10.44,2.39,122587,14.85,15.77,14.96,7.58,1.4,46.29,15.39,37.97,0,4.02,31.57,9.13,0.5122,0.4201,0.9814,0.9412,0.3266,0.1508,0.095,0.1596,0.8599,0.9706,0.9338,0,0.9691,0.9524,0.8888,2.8549,0.732,1.8305,3.7441,9.1615,10013,Greenwich Village and Soho,Manhattan
10012,22879,13513,11517,2343,497,105065,1025,3423,2023,1456,380,7163,972,11142,0,851,9384,1550,10.24,2.17,105065,4.48,14.96,8.84,6.36,1.66,31.31,4.25,48.7,0,3.72,41.01,6.78,0.4975,0.3462,0.9686,0.2693,0.2649,0.0504,0.0577,0.2257,0.7659,0.8677,0.949,0,0.9622,0.9711,0.8643,2.0816,0.5987,1.6336,3.7466,8.0605,10012,Greenwich Village and Soho,Manhattan
10003,51740,29879,25203,3720,1775,96763,1485,6249,3718,3644,474,15237,805,25872,0,892,19507,8611,7.19,3.43,96763,2.87,12.08,7.19,7.04,0.92,29.45,1.56,50,0,1.72,37.7,16.64,0.2908,0.7654,0.9589,0.1219,0.118,0.0347,0.0768,0.0675,0.7428,0.6689,0.9578,0,0.8486,0.9642,0.9309,2.137,0.297,1.4117,3.7015,7.5472,10003,Lower East Side,Manhattan
10014,30878,21490,18273,2257,1111,118618,379,4737,2837,2239,311,5386,94,16818,0,408,14231,615,7.31,3.6,118618,1.23,15.34,9.19,7.25,1.01,17.44,0.31,54.47,0,1.32,46.09,1.99,0.2982,0.806,0.9774,0.0244,0.2933,0.0533,0.0871,0.0832,0.6116,0.2551,0.9618,0,0.784,0.9804,0.6581,2.106,0.5169,0.8667,3.3843,6.8739,10014,Greenwich Village and Soho,Manhattan
10282,5242,2606,2091,178,88,139106,80,310,1629,154,86,1731,47,2593,0,161,1454,0,3.4,1.68,139106,1.52,5.91,31.08,2.94,1.64,33.03,0.89,49.46,0,3.07,27.75,0,0.0714,0.1753,0.9965,0.0362,0.0225,0.9941,0.0132,0.2184,0.7815,0.5205,0.9529,0,0.9358,0.9353,0,1.2794,1.2482,1.302,2.824,6.6536,10282,Lower Manhattan,Manhattan
10010,31925,18693,16439,3722,859,111967,1284,4699,3204,2564,189,10805,1080,17247,4,573,12764,2636,11.66,2.69,111967,4.02,14.72,10.03,8.03,0.59,33.84,3.38,54.02,0.01,1.8,39.98,8.26,0.5778,0.5445,0.9721,0.2198,0.2443,0.0621,0.119,0.0342,0.7913,0.8369,0.9613,0.1841,0.8555,0.9691,0.8834,2.3142,0.4596,1.6282,3.8534,8.2554,10010,Gramercy Park and Murray Hill,Manhattan
10011,51254,33076,28913,5381,1377,115049,2117,7771,4893,4183,869,15965,1540,28191,62,1198,23186,1273,10.5,2.69,115049,4.13,15.16,9.55,8.16,1.69,31.15,3,55,0.12,2.34,45.24,2.48,0.5146,0.5416,0.9765,0.2301,0.2786,0.0582,0.1297,0.2331,0.7649,0.8109,0.9622,0.3104,0.8991,0.9789,0.7017,2.2628,0.6996,1.5758,3.8523,8.3905,10011,Chelsea and Clinton,Manhattan
10016,46682,30829,25689,4694,1114,98020,1264,6617,3979,3101,318,16131,1493,28010,14,954,20937,2112,10.05,2.39,98020,2.71,14.18,8.52,6.64,0.68,34.55,3.2,60,0.03,2.04,44.85,4.52,0.4877,0.4206,0.9598,0.1077,0.2047,0.0489,0.067,0.0406,0.7948,0.8241,0.9691,0.2061,0.8775,0.9774,0.8168,1.9758,0.3612,1.6189,3.8469,7.8028,10016,Gramercy Park and Murray Hill,Manhattan
10001,21805,13989,12125,2933,663,103708,1168,3129,1737,1796,324,9409,1058,13071,12,488,10083,1100,13.45,3.04,103708,5.36,14.35,7.97,8.24,1.49,43.15,4.85,59.95,0.06,2.24,46.24,5.04,0.6851,0.666,0.9677,0.3574,0.213,0.044,0.138,0.1718,0.8432,0.8819,0.9686,0.2473,0.8942,0.9809,0.83,2.6762,0.5668,1.7251,3.921,8.8891,10001,Chelsea and Clinton,Manhattan
10017,15626,11986,9541,890,275,104786,390,3372,1209,1136,151,4961,256,11352,1,426,7499,231,5.69,1.76,104786,2.5,21.58,7.73,7.27,0.97,31.75,1.64,72.65,0.01,2.73,47.99,1.48,0.2061,0.2081,0.9681,0.0871,0.8124,0.0435,0.0881,0.0793,0.7678,0.6767,0.9818,0.1709,0.9196,0.9823,0.5891,1.4694,1.0233,1.4445,3.6437,7.5809,10017,Gramercy Park and Murray Hill,Manhattan
10018,7656,4953,4214,1153,167,95784,359,565,480,598,90,3817,472,4510,0,236,3477,123,15.06,2.18,95784,4.69,7.37,6.26,7.81,1.18,49.85,6.17,58.91,0,3.09,45.41,1.61,0.7683,0.3486,0.9559,0.2913,0.0318,0.0308,0.1062,0.1155,0.8756,0.9049,0.9652,0,0.9382,0.9794,0.6101,2.3641,0.2843,1.7805,3.4929,7.9218,10018,Chelsea and Clinton,Manhattan
10022,28981,22473,16849,1220,521,137916,497,8501,2557,2408,297,5736,294,20541,11,394,12067,473,4.21,1.8,137916,1.71,29.33,8.82,8.31,1.02,19.79,1.01,70.88,0.04,1.36,41.64,1.63,0.1155,0.2174,0.9951,0.0435,0.9554,0.0494,0.1439,0.0876,0.6429,0.5538,0.9813,0.2213,0.7972,0.9715,0.615,1.3715,1.2363,1.1967,3.5863,7.3908,10022,Gramercy Park and Murray Hill,Manhattan
10020,270,265,172,27,6,124922,9,51,12,24,1,108,9,243,0,6,144,1,9.86,2.39,124922,3.43,18.92,4.31,9.06,0.5,40.07,3.41,89.95,0,2.35,53.27,0.56,0.4755,0.4231,0.9823,0.1704,0.6454,0.0176,0.1949,0.0259,0.8295,0.8388,0.9936,0,0.9005,0.9897,0.3648,2.0513,0.8838,1.6683,3.2486,7.852,10020,Chelsea and Clinton,Manhattan
10036,25587,18934,15483,3702,948,86214,1661,3100,1893,2936,417,11514,1338,17489,30,431,13216,351,14.47,3.71,86214,6.49,12.12,7.4,11.48,1.63,45,5.23,68.35,0.12,1.69,51.65,1.37,0.735,0.832,0.9476,0.4784,0.1219,0.0367,0.3952,0.2154,0.8555,0.8878,0.9784,0.3075,0.8442,0.9867,0.569,2.993,0.7692,1.7433,3.6858,9.1913,10036,Chelsea and Clinton,Manhattan
10019,39834,29509,22869,5074,1454,99113,1674,6161,2985,3938,643,17725,1915,27264,23,1288,19085,493,12.74,3.65,99113,4.2,15.47,7.49,9.89,1.61,44.5,4.81,68.44,0.06,3.23,47.91,1.24,0.6395,0.8207,0.9613,0.2375,0.306,0.043,0.2654,0.2115,0.8506,0.8809,0.9789,0.2492,0.948,0.9818,0.5455,2.659,0.8259,1.7315,3.7034,8.9198,10019,Chelsea and Clinton,Manhattan
10065,27985,21366,15028,1741,442,146125,272,6512,3646,2019,353,5576,412,19532,0,568,10789,262,6.22,1.58,146125,0.97,23.27,13.03,7.21,1.26,19.92,1.47,69.8,0,2.03,38.55,0.94,0.235,0.1537,0.9975,0.0156,0.8697,0.1072,0.0832,0.1341,0.6449,0.6567,0.9804,0,0.8765,0.9662,0.4769,1.4018,1.1942,1.3016,3.3,7.1976,10065,Upper East Side,Manhattan
10021,42110,27471,22431,2082,535,135018,456,9319,7153,3582,527,9314,922,25023,0,771,15658,614,4.94,1.27,135018,1.08,22.13,16.99,8.51,1.25,22.12,2.19,59.42,0,1.83,37.18,1.46,0.1665,0.0685,0.9921,0.0181,0.8354,0.2282,0.1576,0.1317,0.6782,0.7453,0.9681,0,0.8584,0.9622,0.5842,1.2452,1.3529,1.4235,3.3729,7.3945,10021,Upper East Side,Manhattan
10075,26917,16617,14333,1495,278,142893,337,5420,4090,1825,323,5558,306,15242,24,732,10063,232,5.55,1.03,142893,1.25,20.14,15.2,6.78,1.2,20.65,1.14,56.63,0.09,2.72,37.39,0.86,0.1983,0.0411,0.997,0.0264,0.7345,0.162,0.0714,0.1219,0.6581,0.5915,0.9642,0.2869,0.9187,0.9627,0.4554,1.2628,1.0898,1.2496,3.5879,7.1901,10075,Upper East Side,Manhattan
10028,44514,26965,23591,2185,793,132844,618,9071,5911,3012,362,8280,536,25148,45,850,16722,422,4.91,1.78,132844,1.39,20.38,13.28,6.77,0.81,18.6,1.2,56.5,0.1,1.91,37.57,0.95,0.162,0.2154,0.9907,0.0293,0.7512,0.1145,0.071,0.0553,0.6278,0.6077,0.9637,0.2977,0.8667,0.9637,0.4809,1.3974,0.992,1.2355,3.5727,7.1976,10028,Upper East Side,Manhattan
10023,64330,43478,34698,4916,1644,112433,1150,13306,9054,5177,851,17508,1107,38669,0,1168,24782,1620,7.64,2.56,112433,1.79,20.68,14.07,8.05,1.32,27.22,1.72,60.11,0,1.82,38.52,2.52,0.3256,0.4921,0.9735,0.0504,0.7673,0.1322,0.1204,0.1444,0.7242,0.6885,0.9696,0,0.857,0.9657,0.7042,1.8416,1.1643,1.4127,3.4965,7.9151,10023,Upper West Side,Manhattan
10026,38146,16533,15061,9781,1418,42628,5075,3975,7229,4052,1703,30782,1635,13665,56,718,11680,1091,25.64,3.72,42628,13.3,10.42,18.95,10.62,4.46,80.69,4.29,35.82,0.15,1.88,30.62,2.86,0.9407,0.833,0.7871,0.9157,0.0749,0.3633,0.3212,0.8658,0.9539,0.8702,0.9309,0.3192,0.8628,0.9427,0.7384,3.4765,1.6252,1.8241,3.794,10.7198,10026,Central Harlem,Manhattan
10024,59759,34350,29228,3967,1034,109782,2196,11556,10161,4969,775,14107,1514,28874,0,763,20724,929,6.64,1.73,109782,3.67,19.34,17,8.32,1.3,23.61,2.53,48.32,0,1.28,34.68,1.55,0.2585,0.1939,0.9701,0.1944,0.6807,0.2291,0.1449,0.1415,0.6895,0.781,0.948,0,0.7757,0.9578,0.6028,1.6169,1.1962,1.4705,3.2843,7.5679,10024,Upper West Side,Manhattan
10128,60662,34975,30775,4083,1387,101551,1663,11720,8736,4907,1002,17698,1106,32665,0,1093,21933,833,6.73,2.29,101551,2.74,19.32,14.4,8.09,1.65,29.17,1.82,53.85,0,1.8,36.16,1.37,0.2649,0.3878,0.9652,0.1101,0.6792,0.1371,0.1253,0.2208,0.7414,0.7042,0.9608,0,0.856,0.9593,0.568,1.728,1.1624,1.4456,3.3441,7.6801,10128,Upper East Side,Manhattan
10069,5733,3501,3067,788,133,88308,305,1358,863,658,184,2548,346,3382,0,158,2145,0,13.74,2.32,88308,5.32,23.69,15.05,11.48,3.21,44.44,6.04,58.98,0,2.76,37.41,0,0.7007,0.3956,0.95,0.355,0.8868,0.1576,0.3966,0.6488,0.8501,0.9035,0.9657,0,0.9206,0.9632,0,2.4013,2.0898,1.7536,2.8495,9.0942,10069,Upper West Side,Manhattan
10029,77383,34148,31723,23591,3689,35294,13344,10257,14981,11824,4107,65251,8995,30163,36,2522,25735,2935,30.49,4.77,35294,17.24,13.25,19.36,15.28,5.31,84.32,11.62,38.98,0.05,3.26,33.26,3.79,0.9627,0.9387,0.6467,0.9662,0.1616,0.3961,0.736,0.9338,0.9618,0.9544,0.9368,0.2316,0.9485,0.9544,0.7859,3.5143,2.2275,1.9162,3.8572,11.5152,10029,East Harlem,Manhattan
10025,92900,47962,41433,13014,3458,71775,6986,18712,13036,10382,1995,42235,5520,43781,48,1414,30374,6073,14.01,3.72,71775,7.52,20.14,14.03,11.18,2.15,45.46,5.94,47.13,0.05,1.52,32.7,6.54,0.714,0.8339,0.93,0.6057,0.7355,0.1312,0.3609,0.3423,0.8574,0.903,0.9471,0.2424,0.8197,0.9534,0.8628,3.0836,1.5699,1.7604,3.8254,10.2393,10025,Upper West Side,Manhattan
10035,38707,16064,14839,15019,1358,27262,8285,4777,8272,6020,2276,35011,4392,13227,24,1243,11968,3003,38.8,3.51,27262,21.41,12.34,21.37,15.55,5.88,90.45,11.35,34.17,0.06,3.21,30.92,7.76,0.9882,0.782,0.2818,0.9892,0.1302,0.6141,0.7561,0.949,0.9725,0.9524,0.9289,0.2571,0.9466,0.951,0.8765,3.0412,2.4494,1.9249,3.9601,11.3756,10035,East Harlem,Manhattan
10027,62449,25671,23012,16641,1649,33576,6305,6291,11129,5813,2748,47357,3224,20791,0,1312,17755,6211,26.65,2.64,33576,10.1,10.07,17.82,9.31,4.4,75.83,5.16,33.29,0,2.1,28.43,9.95,0.9461,0.5293,0.5949,0.8139,0.067,0.2771,0.2164,0.8594,0.9412,0.8863,0.9285,0,0.8805,0.9373,0.8986,2.8842,1.4199,1.8275,3.6449,9.7765,10027,Central Harlem,Manhattan
10037,20691,10799,9858,4689,1131,33010,2043,3222,4480,2366,1103,19235,741,9621,0,530,7639,410,22.66,5.46,33010,9.88,15.57,21.65,11.44,5.33,92.96,3.58,46.5,0,2.56,36.92,1.98,0.9221,0.9681,0.5782,0.8021,0.3129,0.6454,0.3907,0.9343,0.9799,0.8472,0.9451,0,0.9123,0.9608,0.6567,3.2705,2.2833,1.8271,3.4749,10.8558,10037,Central Harlem,Manhattan
10039,27601,11843,11145,7511,2006,30392,3682,2696,6803,3678,2072,25938,2406,11089,0,780,9053,307,27.21,7.27,30392,13.34,9.77,24.65,13.33,7.51,93.97,8.72,40.18,0,2.83,32.8,1.11,0.95,0.9921,0.4559,0.9162,0.0617,0.8819,0.5749,0.9774,0.9813,0.9382,0.9373,0.1552,0.9231,0.9539,0.519,3.3142,2.4959,1.9195,3.4885,11.2181,10039,Central Harlem,Manhattan
10030,29103,13688,12439,7818,1947,38746,4213,2910,5127,4219,1454,25330,1788,10685,0,855,9829,723,26.86,6.69,38746,14.48,10,17.62,14.5,5,87.04,6.15,36.72,0,2.94,33.77,2.48,0.948,0.9848,0.7201,0.9314,0.0656,0.2659,0.6709,0.9123,0.9671,0.9045,0.9324,0,0.9333,0.9549,0.7022,3.5843,1.9147,1.8716,3.5228,10.8934,10030,Central Harlem,Manhattan
10031,59888,23423,21703,13838,2261,24710,11176,6631,10414,6658,2059,49903,9274,19895,18,1916,17136,534,23.11,3.78,24710,18.66,11.07,17.39,11.12,3.44,83.33,15.49,33.22,0.03,3.2,28.61,0.89,0.924,0.8452,0.155,0.9715,0.0915,0.2492,0.3574,0.6983,0.9588,0.9715,0.9275,0.2095,0.9461,0.9382,0.4637,2.8957,1.3964,1.9303,3.485,9.7074,10031,Inwood and Washington Heights,Manhattan
10032,65384,23172,21808,14742,3354,24777,15111,8532,9533,9318,1669,55989,16324,21518,58,2548,17144,1074,22.55,5.13,24777,23.11,13.05,14.58,14.25,2.55,85.63,24.97,32.91,0.09,3.9,26.22,1.64,0.9216,0.9593,0.158,0.9951,0.1532,0.141,0.6518,0.4598,0.9642,0.9951,0.926,0.2859,0.9662,0.9289,0.616,3.034,1.4058,1.9593,3.723,10.1221,10032,Inwood and Washington Heights,Manhattan
10044,11682,5427,4748,1174,354,45724,887,2238,1445,928,64,7234,765,5355,0,479,3758,1583,10.05,3.03,45724,7.59,19.16,12.37,7.94,0.55,61.92,6.55,45.84,0,4.1,32.17,13.55,0.4872,0.662,0.8189,0.6111,0.6625,0.0954,0.1155,0.0308,0.9152,0.9113,0.9436,0,0.9711,0.9529,0.9191,2.5792,0.9042,1.8265,3.7867,9.0966,10044,Upper East Side,Manhattan
10033,59420,20862,19679,11565,3188,26866,12060,8111,10614,8003,1984,45530,15502,19720,7,2343,14594,817,19.46,5.37,26866,20.3,13.65,17.86,13.47,3.34,76.62,26.09,33.19,0.01,3.94,24.56,1.38,0.8932,0.9666,0.2607,0.9843,0.1777,0.2791,0.5866,0.6811,0.9441,0.9965,0.927,0.1831,0.9676,0.9236,0.5695,3.1048,1.7245,1.9406,3.5708,10.3407,10033,Inwood and Washington Heights,Manhattan
10040,44105,16966,15894,9118,2466,30249,8383,7365,7734,5081,1411,34527,10636,16368,2,1889,12187,1645,20.67,5.59,30249,19.01,16.7,17.54,11.52,3.2,78.28,24.11,37.11,0,4.28,27.63,3.73,0.9089,0.9715,0.4476,0.973,0.4128,0.258,0.4025,0.6429,0.9471,0.9941,0.9329,0.1674,0.974,0.9343,0.7835,3.301,1.7162,1.9412,3.7921,10.7505,10040,Inwood and Washington Heights,Manhattan
10034,42702,16557,16011,8402,1836,26569,7848,5772,8363,5079,1942,34324,9230,15895,0,2317,11951,37,19.67,4.3,26569,18.38,13.52,19.58,11.89,4.55,80.38,21.61,37.22,0,5.43,27.99,0.09,0.8961,0.901,0.2441,0.9701,0.1718,0.4216,0.4348,0.8731,0.9524,0.9902,0.9333,0,0.9862,0.9368,0.1253,3.0113,1.9013,1.9426,2.9816,9.8368,10034,Inwood and Washington Heights,Manhattan
10280,8740,4925,4218,302,189,115060,95,776,1806,325,130,2691,91,4910,0,333,3219,0,3.45,2.16,115060,1.09,8.88,20.66,3.71,1.48,30.78,1.04,56.17,0,3.81,36.83,0,0.0754,0.3423,0.977,0.0186,0.0484,0.5288,0.0166,0.1709,0.7624,0.5666,0.9632,0,0.9657,0.9603,0,1.4133,0.7647,1.329,2.8892,6.3962,10280,Lower Manhattan,Manhattan
11109,5734,3678,2696,363,143,79967,84,190,970,146,48,2360,329,3546,0,191,1735,143,6.33,2.49,79967,1.47,3.31,16.91,2.55,0.84,41.16,5.73,61.85,0,3.33,30.26,2.49,0.2428,0.4666,0.9417,0.0337,0.0151,0.2238,0.0107,0.0572,0.8334,0.8986,0.9711,0,0.952,0.9422,0.7027,1.6848,0.3068,1.732,3.568,7.2916,11109,Northwest Queens,Queens
11101,31314,17516,13897,5725,1378,32565,3062,2715,5419,2232,1060,20733,3018,13037,15,1052,9700,473,18.28,4.4,32565,9.78,8.67,17.3,7.13,3.39,66.21,9.64,41.63,0.05,3.36,30.98,1.51,0.8687,0.9094,0.5572,0.7943,0.044,0.2443,0.0793,0.6885,0.9255,0.9422,0.9402,0.2335,0.9524,0.9515,0.5959,3.1296,1.0561,1.8677,3.6735,9.7269,11101,Northwest Queens,Queens
11418,37569,11680,10810,5602,1071,28815,5633,4242,8801,3028,1183,31354,5273,2916,15,1287,3790,391,14.91,2.85,28815,14.99,11.29,23.43,8.06,3.15,83.46,14.04,7.76,0.04,3.43,10.09,1.04,0.7556,0.5984,0.3806,0.9431,0.0969,0.7987,0.1229,0.6253,0.9598,0.9657,0.83,0.2242,0.9554,0.8565,0.5019,2.6777,1.6438,1.9255,3.368,9.615,11418,Southwest Queens,Queens
11106,38821,19392,17174,5463,1710,35091,4210,5107,5744,4064,806,22481,3768,11368,54,1198,10722,211,14.07,4.4,35091,10.84,13.16,14.8,10.47,2.08,57.91,9.71,29.28,0.14,3.08,27.62,0.54,0.7159,0.9103,0.6418,0.8452,0.1571,0.1449,0.3075,0.3227,0.9054,0.9427,0.9196,0.3143,0.9373,0.9338,0.3579,3.1132,0.9322,1.8481,3.4629,9.3564,11106,Northwest Queens,Queens
11102,31828,16777,13603,5350,1144,38720,3520,3869,4782,3032,625,17493,2731,8341,0,875,8392,316,16.81,3.6,38720,11.06,12.16,15.03,9.53,1.96,54.96,8.58,26.21,0,2.75,26.37,0.99,0.8369,0.805,0.7186,0.8599,0.1229,0.1557,0.2326,0.2967,0.8966,0.9368,0.9089,0,0.9201,0.9299,0.4931,3.2204,0.8079,1.8334,3.252,9.1137,11102,Northwest Queens,Queens
11103,34662,17419,15005,4068,1458,37351,3375,3903,4145,2823,708,15314,3315,5833,37,900,9309,99,11.74,4.21,37351,9.74,11.26,11.96,8.14,2.04,44.18,9.56,16.83,0.11,2.6,26.86,0.28,0.5817,0.8932,0.6942,0.7899,0.0959,0.0896,0.1292,0.3139,0.8476,0.9412,0.8829,0.3021,0.9152,0.9324,0.237,2.959,0.6286,1.7888,3.2696,8.646,11103,Northwest Queens,Queens
11420,49819,14439,13361,6195,2054,25210,9225,6035,9847,6050,1361,47228,2832,244,34,1092,2736,277,12.44,4.12,25210,18.52,12.11,19.77,12.14,2.73,94.8,5.68,0.49,0.07,2.19,5.49,0.56,0.6219,0.8844,0.18,0.9711,0.1214,0.4397,0.4583,0.5093,0.9823,0.8976,0.2683,0.2624,0.8912,0.7874,0.3653,2.6574,1.5287,1.8799,2.5746,8.6406,11420,Southwest Queens,Queens
11419,49054,13237,12434,6459,2390,23615,9719,5630,9824,4285,1048,47068,3663,476,21,1411,3323,58,13.17,4.87,23615,19.81,11.48,20.03,8.74,2.14,95.95,7.47,0.97,0.04,2.88,6.77,0.12,0.6616,0.9485,0.1076,0.9828,0.1008,0.4671,0.1758,0.3383,0.9843,0.925,0.4113,0.2282,0.9294,0.8158,0.1385,2.7005,1.082,1.9093,2.5232,8.215,11419,Southwest Queens,Queens
11105,36298,16921,14953,3867,1068,38467,3760,4722,5141,3321,556,14177,2795,4288,0,1006,7089,36,10.65,2.94,38467,10.36,13.01,14.16,9.15,1.53,39.06,7.7,11.81,0,2.77,19.53,0.1,0.5225,0.6278,0.7152,0.8246,0.1518,0.1346,0.2047,0.1821,0.8251,0.928,0.8628,0,0.9211,0.9025,0.1307,2.6901,0.6732,1.7531,2.8171,7.9335,11105,Northwest Queens,Queens
11370,26150,10529,8319,3251,676,26862,3473,4165,5077,2171,611,18343,3912,1119,10,937,2711,131,12.43,2.58,26862,13.28,15.93,19.42,8.3,2.34,70.14,14.96,4.28,0.04,3.58,10.37,0.5,0.6194,0.5048,0.2592,0.9147,0.3379,0.4015,0.1434,0.3912,0.9343,0.9686,0.7497,0.2203,0.9588,0.8584,0.3369,2.2981,1.274,1.9029,3.1241,8.5991,11370,West Queens,Queens
11415,20262,9601,8491,2395,412,39512,1299,3191,4092,2119,391,11099,2132,7216,0,860,3457,41,11.82,2.04,39512,6.41,15.75,20.2,10.46,1.93,54.78,10.52,35.61,0,4.24,17.06,0.2,0.5861,0.2972,0.7353,0.472,0.3251,0.4828,0.3055,0.2884,0.8956,0.9476,0.9304,0,0.973,0.8942,0.1904,2.0906,1.4018,1.8432,2.988,8.3236,11415,Southwest Queens,Queens
11377,83386,32760,30298,9509,1908,27504,14065,12469,14400,5218,1716,64584,19080,15875,30,4011,14677,337,11.4,2.29,27504,16.87,14.95,17.27,6.26,2.06,77.45,22.88,19.04,0.04,4.81,17.6,0.4,0.5661,0.3893,0.2954,0.9622,0.2644,0.2424,0.0543,0.3183,0.9456,0.9921,0.8893,0.2179,0.9804,0.8956,0.2962,2.213,0.8794,1.9377,3.2794,8.3095,11377,West Queens,Queens
11104,27243,13026,11893,3106,818,31027,3124,3403,4228,1713,431,16536,4311,8737,6,1194,6868,18,11.4,3,31027,11.47,12.49,15.52,6.29,1.58,60.7,15.82,32.07,0.02,4.38,25.21,0.07,0.5646,0.6508,0.4877,0.8707,0.1376,0.1714,0.0568,0.1983,0.9108,0.9755,0.9236,0.1983,0.9755,0.9265,0.1155,2.5738,0.5641,1.8863,3.1394,8.1636,11104,Northwest Queens,Queens
11436,20140,6028,5602,2270,991,29179,2661,2197,4526,2296,635,19853,757,153,10,503,1112,231,11.27,4.92,29179,13.21,10.91,22.47,11.4,3.15,98.58,3.76,0.76,0.05,2.5,5.52,1.15,0.5592,0.9524,0.3977,0.9138,0.0881,0.711,0.3878,0.6268,0.9955,0.854,0.3584,0.2389,0.9074,0.7884,0.5244,2.8231,1.8137,1.8495,2.8175,9.3038,11436,Jamaica,Queens
11434,65998,22845,21743,6966,2230,26484,6154,10148,15057,7306,2963,64973,1047,7354,33,917,6296,1854,10.55,3.38,26484,9.33,15.38,22.81,11.07,4.49,98.45,1.59,11.14,0.05,1.39,9.54,2.81,0.5171,0.7526,0.2392,0.7659,0.2952,0.7507,0.356,0.8697,0.9941,0.6723,0.8599,0.2399,0.8026,0.8525,0.7331,2.2748,2.2716,1.6664,3.488,9.7008,11434,Jamaica,Queens
11435,58294,19701,18758,9178,3488,25769,9650,7041,12047,5463,1388,51697,8790,9171,38,2667,7220,1161,15.74,5.98,25769,16.55,12.08,20.67,9.37,2.38,88.68,15.08,15.73,0.06,4.58,12.39,1.99,0.7967,0.9779,0.203,0.9603,0.1175,0.5303,0.2233,0.4025,0.9696,0.9691,0.8775,0.2595,0.9769,0.8677,0.6576,2.9379,1.2736,1.9387,3.6392,9.7894,11435,Jamaica,Queens
11378,36689,13686,12400,3386,1107,30400,3605,4752,8323,2840,1207,16731,3831,859,8,958,3122,229,9.23,3.02,30400,9.82,12.95,22.68,7.74,3.29,45.6,10.44,2.34,0.02,2.61,8.51,0.62,0.4329,0.6581,0.4564,0.7982,0.1493,0.735,0.1018,0.6684,0.8579,0.9461,0.6219,0.1973,0.9167,0.8467,0.3907,2.3456,1.6545,1.804,2.9733,8.7774,11378,West Queens,Queens
11433,35509,11183,10180,6013,2501,21951,5436,4246,8426,3759,1586,34922,2886,1567,1,933,3972,135,16.93,7.04,21951,15.31,11.96,23.73,10.58,4.47,98.35,8.13,4.41,0,2.63,11.18,0.38,0.8413,0.9877,0.0645,0.949,0.1131,0.8227,0.3173,0.8663,0.9931,0.9329,0.7566,0.1684,0.9172,0.8614,0.2855,2.8425,2.1194,1.926,2.9891,9.877,11433,Jamaica,Queens
11432,60152,19350,17943,7957,2212,26499,7838,8517,12742,5233,1090,52440,8396,9830,14,3382,6807,3893,13.23,3.68,26499,13.03,14.16,21.18,8.7,1.81,87.18,13.96,16.34,0.02,5.62,11.32,6.47,0.666,0.8276,0.2407,0.9074,0.2032,0.591,0.1743,0.2595,0.9676,0.9652,0.8795,0.1998,0.9887,0.8619,0.8623,2.6417,1.228,1.9328,3.7922,9.5947,11432,Jamaica,Queens
11373,94417,34003,30473,14627,2351,23872,16494,12573,18917,8406,2237,88184,22972,17706,31,6200,17778,339,15.49,2.49,23872,17.47,13.32,20.04,8.9,2.37,93.4,24.33,18.75,0.03,6.57,18.83,0.36,0.785,0.4662,0.1154,0.9681,0.164,0.4681,0.188,0.4015,0.9804,0.9946,0.8878,0.214,0.997,0.9005,0.2747,2.3347,1.2216,1.975,3.274,8.8053,11373,West Queens,Queens
11372,64965,27247,24870,7862,1681,25694,11302,10161,11764,5441,2082,53772,16657,21160,28,3221,13657,302,12.1,2.59,25694,17.4,15.64,18.11,8.38,3.21,82.77,25.64,32.57,0.04,4.96,21.02,0.46,0.6038,0.5097,0.1986,0.9671,0.3163,0.2982,0.1493,0.6464,0.9564,0.9955,0.9245,0.2291,0.9823,0.9123,0.3178,2.2792,1.4102,1.9519,3.366,9.0073,11372,West Queens,Queens
11368,110902,30175,27908,22060,2756,16896,26770,9634,30084,11473,4549,106731,35795,10023,34,8254,16272,714,19.89,2.49,16896,24.14,8.69,27.13,10.35,4.1,96.24,32.28,9.04,0.03,7.44,14.67,0.64,0.8986,0.4627,0.0249,0.9955,0.0445,0.9505,0.2977,0.8271,0.9853,0.998,0.8418,0.21,0.999,0.8819,0.3986,2.3817,2.1198,1.9833,3.3313,9.8161,11368,West Queens,Queens
11413,43077,13398,12552,3369,1508,32274,3176,6842,9526,3787,1535,42392,584,196,18,581,2112,607,7.82,3.5,32274,7.37,15.88,22.11,8.79,3.56,98.41,1.36,0.46,0.04,1.35,4.9,1.41,0.3354,0.7791,0.5435,0.593,0.3344,0.6831,0.1792,0.7257,0.9936,0.642,0.2556,0.2277,0.7913,0.7713,0.5739,2.251,1.9224,1.6356,2.6198,8.4288,11413,Southeast Queens,Queens
11369,31752,12146,9606,4842,1060,21236,5346,4990,6683,2996,980,29204,5497,2253,32,1386,3922,943,15.25,3.34,21236,16.84,15.71,21.05,9.43,3.09,91.97,17.31,7.1,0.1,4.36,12.35,2.97,0.7757,0.7409,0.0528,0.9618,0.3212,0.5724,0.2267,0.6092,0.9774,0.9799,0.8188,0.2987,0.975,0.8672,0.7477,2.5312,1.7295,1.9573,3.7074,9.9254,11369,West Queens,Queens
11412,37496,11860,11073,3210,1651,29604,3188,5390,7846,3820,1396,37162,815,226,23,636,2271,93,8.56,4.4,29604,8.5,14.38,20.92,10.19,3.72,99.11,2.17,0.6,0.06,1.7,6.06,0.25,0.3819,0.9098,0.4178,0.6924,0.2154,0.5568,0.2859,0.7619,0.9995,0.7424,0.3099,0.2566,0.8462,0.8021,0.2198,2.4019,1.82,1.7419,2.4346,8.3984,11412,Jamaica,Queens
11375,73458,35263,32788,6391,1650,46561,3639,14642,13484,7236,1227,36829,5714,25840,73,2142,13632,442,8.7,2.25,46561,4.95,19.93,18.36,9.85,1.67,50.14,7.78,35.18,0.1,2.92,18.56,0.6,0.3986,0.3721,0.8277,0.3153,0.7247,0.3158,0.2615,0.2286,0.8775,0.9294,0.9294,0.2962,0.9319,0.8996,0.3829,1.9137,1.5306,1.8069,3.44,8.6912,11375,West Central Queens,Queens
11355,76159,28870,26252,16448,1371,21186,17541,13710,12584,6003,1089,69894,29898,18014,32,4162,13820,589,21.6,1.8,21186,23.03,18,16.52,7.88,1.43,91.77,39.26,23.65,0.04,5.46,18.15,0.77,0.9167,0.2189,0.0523,0.9941,0.546,0.2071,0.1121,0.1635,0.9764,0.9995,0.902,0.2262,0.9872,0.8971,0.4304,2.182,1.0287,1.9759,3.4429,8.6295,11355,North Queens,Queens
11367,40945,15348,14225,5878,1194,26079,3892,6334,10023,4042,1217,21513,5019,5066,15,1263,4069,1038,14.36,2.92,26079,9.51,15.47,24.48,9.87,2.97,52.54,12.26,12.37,0.04,3.09,9.94,2.53,0.7311,0.6234,0.2191,0.7776,0.3065,0.8746,0.2639,0.5749,0.8809,0.9569,0.8667,0.2193,0.9378,0.8545,0.7095,2.3512,2.0199,1.8378,3.5878,9.7967,11367,Central Queens,Queens
11411,21214,6572,6363,898,776,34193,1338,4133,3714,2105,488,21014,409,30,20,180,844,18,4.23,3.66,34193,6.31,19.48,17.51,9.92,2.3,99.06,1.93,0.14,0.09,0.85,3.98,0.08,0.1165,0.8246,0.6169,0.4637,0.6953,0.2575,0.2673,0.3829,0.999,0.7164,0.1209,0.2908,0.6532,0.7169,0.1224,2.0217,1.603,1.7154,1.9042,7.2443,11411,Southeast Queens,Queens
11423,29444,9864,9118,2759,1317,30222,3457,4520,5551,3212,890,27063,1923,2650,24,764,2276,486,9.37,4.47,30222,11.74,15.35,18.85,10.91,3.02,91.91,6.53,9,0.08,2.59,7.73,1.65,0.4382,0.9182,0.4466,0.8809,0.2943,0.353,0.3403,0.592,0.9769,0.9108,0.8413,0.281,0.9147,0.8359,0.6175,2.6839,1.5796,1.8877,3.4904,9.6416,11423,Jamaica,Queens
11427,23224,8029,7590,1742,625,32483,2289,3820,4732,2065,411,18732,1505,1996,15,469,1507,375,7.5,2.69,32483,9.86,16.45,20.37,8.89,1.77,80.66,6.48,8.59,0.07,2.02,6.49,1.61,0.3114,0.5435,0.5513,0.8001,0.3839,0.4955,0.187,0.2502,0.9534,0.9103,0.8374,0.2619,0.8751,0.8114,0.6116,2.2063,1.3166,1.8637,3.3974,8.784,11427,Southeast Queens,Queens
11428,20989,6460,6017,1545,727,27938,2353,3201,4189,1717,372,18836,1599,400,21,301,944,26,7.36,3.46,27938,11.21,15.25,19.96,8.18,1.77,89.74,7.62,1.91,0.1,1.43,4.5,0.13,0.3036,0.7722,0.3209,0.8648,0.2859,0.4603,0.1317,0.2512,0.972,0.926,0.5734,0.2972,0.8085,0.7526,0.1444,2.2615,1.1291,1.898,2.5761,7.8647,11428,Southeast Queens,Queens
11379,37366,14606,13492,3058,948,34536,3401,6575,7292,3341,803,12477,2990,1608,4,649,2543,298,8.19,2.54,34536,9.1,17.6,19.51,8.94,2.15,33.39,8,4.3,0.01,1.74,6.81,0.8,0.3584,0.4848,0.6262,0.7473,0.5127,0.4118,0.1904,0.3432,0.7884,0.9319,0.7522,0.1821,0.8511,0.8163,0.4353,2.2167,1.4581,1.7203,3.037,8.4321,11379,West Central Queens,Queens
11374,43429,21219,19662,6007,1134,39049,3335,9286,6675,5322,695,24222,6133,16665,1,1773,9058,123,13.83,2.61,39049,7.68,21.38,15.37,12.25,1.6,55.78,14.12,38.37,0,4.08,20.86,0.28,0.7037,0.5171,0.7265,0.6209,0.805,0.1684,0.472,0.2047,0.8996,0.9662,0.9343,0.1655,0.9701,0.9113,0.2355,2.5682,1.6501,1.8658,3.2167,9.3008,11374,West Central Queens,Queens
11429,25114,7256,6873,2179,1933,29529,2704,3578,4825,2309,674,24729,1306,228,17,471,1178,125,8.68,7.7,29529,10.76,14.25,19.21,9.19,2.68,98.47,5.2,0.91,0.07,1.87,4.69,0.5,0.3966,0.9936,0.4143,0.8408,0.2071,0.3868,0.2086,0.4911,0.9946,0.8873,0.3952,0.2644,0.8623,0.7615,0.3364,2.6453,1.2936,1.8819,2.6198,8.4406,11429,Southeast Queens,Queens
11385,105581,37759,34627,12034,2724,30527,12436,10962,23765,6621,3391,57186,13344,2741,37,2222,14405,177,11.4,2.58,30527,11.78,10.38,22.51,6.27,3.21,54.16,12.64,2.6,0.03,2.1,13.64,0.17,0.5641,0.5039,0.4628,0.8814,0.0734,0.7169,0.0553,0.6478,0.8947,0.9603,0.642,0.2164,0.8809,0.8756,0.162,2.4122,1.4934,1.855,2.7769,8.5375,11385,West Central Queens,Queens
11426,21134,6412,6104,1879,503,30011,1898,3030,4497,1641,222,15722,1491,247,10,358,548,656,8.89,2.38,30011,8.98,14.33,21.28,7.77,1.05,74.39,7.05,1.17,0.05,1.7,2.59,3.1,0.4123,0.4187,0.4383,0.7375,0.2115,0.6033,0.1043,0.0905,0.9397,0.9221,0.4549,0.2326,0.8457,0.5455,0.7546,2.0068,1.0096,1.8618,2.8333,7.7115,11426,Southeast Queens,Queens
11422,32010,10129,9491,2462,1005,33853,2670,4281,6493,2910,1188,31013,1048,80,10,453,1578,60,7.69,3.14,33853,8.34,13.37,20.28,9.09,3.71,96.88,3.27,0.25,0.03,1.42,4.93,0.19,0.3281,0.6885,0.6066,0.6758,0.1655,0.4877,0.1983,0.76,0.9867,0.8305,0.1704,0.2105,0.806,0.7727,0.1748,2.299,1.6115,1.8172,2.1344,7.8621,11422,Southeast Queens,Queens
11366,14658,5086,4651,1757,552,29187,1245,2521,3158,1186,246,8945,1790,285,5,272,572,211,11.99,3.77,29187,8.49,17.2,21.54,8.09,1.68,61.02,12.21,1.94,0.03,1.85,3.9,1.44,0.5964,0.8432,0.3987,0.6909,0.4696,0.639,0.1248,0.2296,0.9113,0.9559,0.5803,0.213,0.8609,0.7115,0.5788,2.5292,1.463,1.8672,2.9445,8.8039,11366,Central Queens,Queens
11354,55771,22364,19958,10791,1061,23895,11402,10805,8788,4494,1140,47144,20345,13745,35,2105,9557,1419,19.35,1.9,23895,20.44,19.37,15.76,8.06,2.04,84.53,36.48,24.65,0.06,3.78,17.14,2.55,0.8888,0.2517,0.1159,0.9848,0.6836,0.1772,0.1224,0.3148,0.9622,0.999,0.9049,0.2556,0.9647,0.8952,0.7105,2.2412,1.298,1.9612,3.7309,9.2313,11354,North Queens,Queens
11357,40405,16145,14658,2414,1045,36951,4345,8711,7967,4629,557,16788,4483,2621,29,331,1715,203,5.97,2.59,36951,10.75,21.56,19.72,11.46,1.38,41.55,11.1,6.49,0.07,0.82,4.24,0.5,0.2174,0.5068,0.6868,0.8393,0.8119,0.4353,0.3937,0.1542,0.8364,0.9505,0.8099,0.2678,0.6425,0.736,0.3428,2.2503,1.7951,1.7869,2.799,8.6313,11357,North Queens,Queens
11356,23405,8128,7362,2841,457,25591,3683,3292,5394,1348,463,16870,4421,150,11,550,1461,345,12.14,1.95,25591,15.73,14.07,23.04,5.76,1.98,72.08,18.89,0.64,0.05,2.35,6.24,1.47,0.6057,0.2644,0.1961,0.9549,0.1968,0.7717,0.0396,0.2987,0.9358,0.9838,0.33,0.2355,0.9,0.806,0.5886,2.0211,1.3068,1.9196,2.8601,8.1076,11356,North Queens,Queens
11697,3541,2554,1366,110,76,27178,58,900,771,493,21,297,11,10,53,25,152,5,3.11,2.15,27178,1.65,25.41,21.77,13.92,0.59,8.39,0.31,0.28,1.5,0.71,4.3,0.14,0.0509,0.3349,0.2773,0.0411,0.9162,0.6571,0.6292,0.0337,0.4098,0.2571,0.1909,0.4676,0.5803,0.7433,0.1493,0.7042,2.2362,0.6669,2.1314,5.7387,11697,Rockaways,Queens
11694,21038,9364,8315,2015,537,45645,1702,4384,4039,3494,338,5438,515,3397,6,288,1904,1559,9.58,2.55,45645,8.09,20.84,19.2,16.61,1.61,25.85,2.45,16.14,0.03,1.37,9.05,7.41,0.4578,0.4887,0.818,0.6576,0.7742,0.3858,0.8305,0.2091,0.7091,0.7703,0.879,0.2056,0.7992,0.8486,0.8731,2.4221,2.1996,1.4794,3.6055,9.7066,11694,Rockaways,Queens
11693,12378,5299,4769,1529,337,25442,1275,1540,2748,1686,582,6525,982,2682,0,204,1443,132,12.35,2.72,25442,10.3,12.45,22.2,13.62,4.7,52.71,7.93,21.67,0,1.65,11.66,1.07,0.6175,0.5548,0.1927,0.8222,0.1361,0.6895,0.5999,0.8854,0.8814,0.9304,0.8947,0,0.8349,0.8638,0.5078,2.1872,2.3109,1.8118,3.1012,9.4111,11693,Rockaways,Queens
11692,22716,7940,7159,5643,1147,22369,3465,2605,6526,3518,1451,20254,1278,3072,16,587,3065,1206,24.84,5.05,22369,15.25,11.47,28.73,15.49,6.39,89.16,5.63,13.53,0.07,2.59,13.49,5.31,0.9382,0.9564,0.0733,0.9476,0.1003,0.973,0.7507,0.9647,0.9706,0.8947,0.8702,0.2668,0.9142,0.8751,0.8369,2.9155,2.7887,1.8653,3.7632,11.3327,11692,Rockaways,Queens
11358,37887,14290,13316,3852,870,32199,4946,7134,6509,2728,549,25453,7842,1638,19,633,2808,89,10.17,2.3,32199,13.05,18.83,17.18,7.2,1.45,67.18,20.7,4.32,0.05,1.67,7.41,0.23,0.4946,0.3912,0.541,0.9084,0.6332,0.2389,0.0822,0.1679,0.927,0.9882,0.7536,0.2409,0.8388,0.8266,0.212,2.3352,1.1222,1.9152,2.8719,8.2445,11358,North Queens,Queens
11360,19325,9511,8610,1692,397,46136,1056,5273,3203,2220,353,8535,2091,4314,35,189,1248,17,8.76,2.05,46136,5.47,27.29,16.58,11.49,1.83,44.17,10.82,22.32,0.18,0.98,6.46,0.09,0.402,0.3065,0.8228,0.3721,0.9397,0.2095,0.3976,0.2619,0.8472,0.949,0.8981,0.3339,0.7012,0.8104,0.1258,1.9034,1.8087,1.7962,2.8694,8.3777,11360,North Queens,Queens
11359,7,4,3,0,0,40099,0,2,1,1,0,3,1,2,0,0,0,0,2.9,1.68,40099,3.91,26.71,16.92,7.67,2.09,44.21,9.6,22.87,0.68,0.41,5.42,0,0.044,0.1772,0.7485,0.213,0.9319,0.2247,0.0979,0.3261,0.8481,0.9417,0.8991,0.4167,0.3702,0.7855,0,1.1827,1.5806,1.7898,2.4715,7.0246,11359,North Queens,Queens
11361,27808,11190,10163,2306,619,37706,2612,5565,4881,2685,494,16407,3739,2154,41,439,1213,472,8.29,2.23,37706,9.39,20.01,17.55,9.65,1.78,59,13.45,7.75,0.15,1.58,4.36,1.7,0.3653,0.3653,0.7045,0.7717,0.7282,0.2605,0.2419,0.2517,0.9094,0.9632,0.8295,0.3188,0.8271,0.7477,0.6224,2.2068,1.4823,1.8726,3.3455,8.9072,11361,Northeast Queens,Queens
11365,46228,16686,16039,5305,2145,27872,4515,7069,9105,3774,1176,34376,7143,5347,14,1118,3228,78,11.48,4.64,27872,9.77,15.29,19.7,8.16,2.54,74.36,15.45,11.57,0.03,2.42,6.98,0.17,0.57,0.928,0.316,0.7933,0.2879,0.4309,0.1302,0.4578,0.9392,0.9711,0.8614,0.2086,0.904,0.8207,0.163,2.6073,1.3068,1.9103,2.9577,8.7821,11365,Central Queens,Queens
11364,36736,14291,13558,3163,841,36682,2994,6662,7218,2990,928,24019,5751,2535,14,570,1531,107,8.61,2.29,36682,8.15,18.13,19.65,8.14,2.53,65.38,15.65,6.9,0.04,1.55,4.17,0.29,0.3888,0.3898,0.679,0.6625,0.5572,0.426,0.1273,0.4539,0.9226,0.9725,0.8168,0.2228,0.8232,0.7301,0.2404,2.1201,1.5644,1.8951,2.8333,8.4129,11364,Northeast Queens,Queens
11362,18698,7503,7168,1134,402,35921,1403,4870,2982,1891,214,10362,2190,742,26,185,696,248,6.06,2.15,35921,7.5,26.05,15.95,10.12,1.14,55.42,11.71,3.97,0.14,0.99,3.72,1.33,0.2262,0.3374,0.659,0.6043,0.9236,0.1851,0.282,0.1092,0.8991,0.9549,0.7326,0.3158,0.7042,0.6988,0.5641,1.8269,1.4999,1.854,3.0155,8.1963,11362,Northeast Queens,Queens
11363,6925,2706,2634,375,153,52707,255,1443,1382,558,136,3470,534,486,0,110,262,0,5.42,2.22,52707,3.69,20.84,19.96,8.06,1.96,50.12,7.71,7.02,0,1.59,3.78,0,0.1924,0.3628,0.8762,0.1949,0.7737,0.4608,0.1219,0.2948,0.877,0.9285,0.8183,0,0.8276,0.7037,0,1.6263,1.6512,1.8055,2.3496,7.4326,11363,Northeast Queens,Queens
11005,1749,1613,1271,186,0,64070,31,1535,0,727,0,48,11,1548,35,15,287,0,10.63,0,64070,1.77,87.76,0,41.57,0,2.74,0.63,88.51,2,0.86,16.41,0,0.521,0,0.9182,0.0499,1,0,1,0,0.0587,0.4392,0.9931,0.4921,0.6557,0.8912,0,1.4891,2,0.4979,3.0321,7.0191,11005,Southeast Queens,Queens
11004,15885,5704,5534,876,356,32921,1068,3298,2712,1668,184,10145,809,566,0,176,453,802,5.51,2.24,32921,6.73,20.76,17.08,10.5,1.16,63.87,5.09,3.57,0,1.11,2.85,5.05,0.1958,0.3677,0.5738,0.5117,0.7693,0.235,0.3104,0.1126,0.9187,0.8849,0.7149,0,0.735,0.6101,0.8305,1.649,1.4273,1.8036,2.8905,7.7704,11004,Southeast Queens,Queens
10301,39463,16760,14709,8220,867,36073,3506,5821,8770,3881,1651,22503,1859,5522,47,849,4726,2070,20.83,2.2,36073,8.88,14.75,22.22,9.84,4.18,57.02,4.71,13.99,0.12,2.15,11.97,5.24,0.9098,0.3545,0.6634,0.7311,0.2487,0.6914,0.2595,0.8369,0.903,0.8785,0.8707,0.3085,0.8863,0.8663,0.8344,2.6588,2.0365,1.7815,3.7662,10.243,10301,Stapleton and St. George,Staten Island
10305,42699,16219,14758,5506,1155,32195,4514,6289,9085,4864,976,16481,3284,2416,66,922,2729,985,12.9,2.7,32195,10.57,14.73,21.28,11.39,2.29,38.6,7.69,5.66,0.15,2.16,6.39,2.31,0.6518,0.5494,0.5406,0.833,0.2463,0.6028,0.3868,0.3809,0.8222,0.9275,0.7967,0.3232,0.8868,0.8095,0.6851,2.5748,1.6168,1.7497,3.5013,9.4426,10305,Stapleton and St. George,Staten Island
10304,40599,15893,14161,8828,1188,33998,4593,5824,9382,4727,1767,25646,3135,4270,62,814,4288,1248,21.74,2.92,33998,11.31,14.34,23.11,11.64,4.35,63.17,7.72,10.52,0.15,2.01,10.56,3.07,0.9187,0.6243,0.6125,0.8677,0.2125,0.7771,0.4094,0.853,0.9172,0.9289,0.853,0.3222,0.8736,0.8589,0.7531,3.0232,2.252,1.8461,3.6608,10.7821,10304,Stapleton and St. George,Staten Island
10310,22066,8977,8037,4178,487,36737,2366,3110,5434,2169,1088,12898,1248,1099,24,381,2093,100,18.93,2.21,36737,10.72,14.09,24.63,9.83,4.93,58.45,5.66,4.98,0.11,1.73,9.48,0.45,0.8805,0.3584,0.6824,0.8374,0.1993,0.8809,0.259,0.9074,0.9079,0.8956,0.782,0.3031,0.8496,0.8511,0.3134,2.7587,2.2466,1.8035,3.0992,9.908,10310,Port Richmond,Staten Island
10306,53479,21407,19898,5153,1248,36010,3961,9722,10258,6235,909,12814,2257,2112,0,546,3030,700,9.64,2.33,36010,7.41,18.18,19.18,11.66,1.7,23.96,4.22,3.95,0,1.02,5.67,1.31,0.4642,0.404,0.6619,0.5954,0.5617,0.3839,0.4118,0.235,0.6914,0.8667,0.7311,0,0.7184,0.7938,0.5626,2.1255,1.5924,1.5581,2.8059,8.0819,10306,South Shore,Staten Island
10308,28019,10489,9846,1853,868,38439,1350,5018,5637,2760,589,4857,707,287,14,212,775,43,6.61,3.1,38439,4.82,17.91,20.12,9.85,2.1,17.34,2.52,1.02,0.05,0.76,2.77,0.15,0.2571,0.6782,0.7147,0.2997,0.5362,0.473,0.261,0.3285,0.6101,0.7801,0.426,0.237,0.6106,0.591,0.1557,1.9497,1.5987,1.3902,2.0203,6.9589,10308,South Shore,Staten Island
10302,18193,6781,6100,3036,308,30823,2041,1875,4287,1616,501,12390,1384,422,1,300,1473,130,16.69,1.7,30823,11.22,10.31,23.56,8.88,2.76,68.1,7.61,2.32,0.01,1.65,8.1,0.72,0.8261,0.1802,0.4755,0.8658,0.0719,0.8109,0.1856,0.5181,0.9294,0.9255,0.6199,0.1758,0.8339,0.8428,0.4196,2.3476,1.5865,1.8549,2.892,8.681,10302,Port Richmond,Staten Island
10312,62905,23047,21944,3861,1422,38391,2807,10891,13376,5610,1324,11060,1330,219,42,441,1344,94,6.14,2.26,38391,4.46,17.31,21.26,8.92,2.1,17.58,2.11,0.35,0.07,0.7,2.14,0.15,0.2306,0.3795,0.7137,0.2624,0.4838,0.6008,0.189,0.33,0.615,0.7321,0.2203,0.2615,0.5749,0.4436,0.1527,1.5862,1.6036,1.3471,1.653,6.1899,10312,South Shore,Staten Island
10314,90119,33006,31199,8569,2009,36839,6460,15217,19262,8618,1793,34271,3977,2611,67,1489,3827,1060,9.51,2.23,36839,7.17,16.88,21.37,9.56,1.99,38.03,4.41,2.9,0.07,1.65,4.25,1.18,0.4495,0.3672,0.6844,0.571,0.4353,0.6145,0.236,0.3011,0.8192,0.8721,0.6743,0.2717,0.8359,0.737,0.5308,2.0721,1.5869,1.6913,3.0497,8.4,10314,Mid-Island,Staten Island
10309,34061,12177,11698,3086,446,41301,2019,5220,7852,2783,732,5008,475,162,16,165,649,181,9.06,1.31,41301,5.93,15.33,23.05,8.17,2.15,14.7,1.4,0.48,0.05,0.48,1.91,0.53,0.4216,0.0749,0.7685,0.4167,0.2904,0.7732,0.1307,0.3428,0.5744,0.6464,0.261,0.2331,0.4216,0.3761,0.3545,1.6817,1.5371,1.2208,1.6463,6.0859,10309,South Shore,Staten Island
10303,26795,9398,8331,6655,489,25667,3334,2499,7382,2459,1348,21674,1663,1282,164,838,2217,148,24.84,1.83,25667,12.44,9.33,27.55,9.18,5.03,80.89,6.21,4.78,0.61,3.13,8.27,0.55,0.9378,0.2296,0.1976,0.8932,0.0582,0.9583,0.2076,0.9138,0.9544,0.9054,0.7732,0.4094,0.9402,0.8442,0.3628,2.2582,2.1379,1.8598,3.3298,9.5857,10303,Port Richmond,Staten Island
10307,14895,5399,5183,1025,365,40069,679,1721,3598,1013,261,1910,178,80,0,177,435,50,6.88,2.45,40069,4.56,11.55,24.15,6.8,1.75,12.82,1.2,0.54,0,1.19,2.92,0.33,0.2752,0.4495,0.7475,0.2786,0.1038,0.8501,0.0719,0.2458,0.5352,0.6062,0.2835,0,0.758,0.6214,0.2639,1.7508,1.2716,1.1414,1.9268,6.0906,10307,South Shore,Staten Island
